URL,Domain,domain_rating,status
https://www.apetito.de/betriebe,apetito.de,70.0,OK
https://www.henselundpartner.de/,henselundpartner.de,38.0,OK
https://bio-eichenmuehle.de/index.html,bio-eichenmuehle.de,16.0,OK
https://platzmann.de/,platzmann.de,24.0,OK
https://www.elbe-fett.de/,elbe-fett.de,2.6,OK
https://www.fuessmann-federn.de/produkte/biegeteile,fuessmann-federn.de,3.2,OK
https://brand-group.com/,brand-group.com,29.0,OK
https://eisenmann-druckguss.de/,eisenmann-druckguss.de,18.0,OK
https://www.aot.de/lebensmittel.html,aot.de,35.0,OK
https://www.fiabuc.de/,fiabuc.de,2.3,OK
https://www.agravis.de/de/agravis-regional/futtermittel,agravis.de,70.0,OK
https://www.hofmanns.de/,hofmanns.de,48.0,OK
https://www.trockenwerk-eldena.de/,trockenwerk-eldena.de,4.3,OK
https://ceravis.de/produkte/futtermittel,ceravis.de,34.0,OK
https://www.dynacast.com/de-de/locations/dynacast-germany,dynacast.com,45.0,OK
https://www.eib-mehlhorn.de/kabelkonfektionierung-hersteller,eib-mehlhorn.de,9.0,OK
https://www.uniqfood.de/,uniqfood.de,12.0,OK
https://oelmanufaktur-sankelmark.de/,oelmanufaktur-sankelmark.de,8.0,OK
https://www.benseler.de/de/unternehmen/standorte/frankenberg-beschichtungen.php,benseler.de,35.0,OK
https://www.buerkle-federn.de/produkte.html,buerkle-federn.de,3.1,OK
https://www.convenience-gmbh.com/,convenience-gmbh.com,3.6,OK
https://www.deuka.de/unternehmen/ueber-uns/,deuka.de,48.0,OK
https://www.in-tec.de/de/kabelbaum-hersteller-automotive,in-tec.de,13.0,OK
https://www.pafahg.de/,pafahg.de,1.4,OK
https://www.primamenue.de/de/,primamenue.de,6.0,OK
https://www.pw-sachsenlack-nfz.de/,pw-sachsenlack-nfz.de,12.0,OK
https://www.thg-norderstedt.com/de/portfolio/speiseoele-speisefette,thg-norderstedt.com,4.0,OK
https://www.transgourmet.de/,transgourmet.de,64.0,OK
https://hirsch-federn.de/drahtbiegeteile/,hirsch-federn.de,29.0,OK
https://wundg.de/,wundg.de,0.0,OK
https://www.asmetal.de/,asmetal.de,19.0,OK
https://www.bossert-gmbh.de/,bossert-gmbh.de,0.0,OK
https://www.cargill.de/de/standort-hamburg-harburg,cargill.de,51.0,OK
https://www.engelhardt-federnfabrik.de/produkte/drahtbiegeteile/,engelhardt-federnfabrik.de,7.0,OK
https://www.febrotec.de/,febrotec.de,28.0,OK
https://www.h-vormann.de/,h-vormann.de,7.0,OK
https://www.hofmanns.de/klassische-betriebsverpflegung,hofmanns.de,48.0,OK
https://www.jumbo-coat-lohnbeschichtung.de/,jumbo-coat-lohnbeschichtung.de,0.8,OK
https://bals.de/,bals.de,4.5,OK
https://hedi.de/kabelkonfektion/,hedi.de,26.0,OK
https://ibn-neustadt.de/,ibn-neustadt.de,14.0,OK
https://kreutzundmock.de/drahtbiegeteile/,kreutzundmock.de,8.0,OK
https://rothkoetter-mischfutterwerk.de/de/qualitaetssicherung/,rothkoetter-mischfutterwerk.de,16.0,OK
https://schoen-federn.de/Hersteller-Torsionsfeder-Drehfeder-Produktion.html,schoen-federn.de,10.0,OK
https://thema-federn.de/de/produkte/drahtbiegeteile.html,thema-federn.de,12.0,OK
https://www.anton-haering.com/de/,anton-haering.com,34.0,OK
https://www.auer-guss.de/,auer-guss.de,25.0,OK
https://www.eberbach-druckguss.de/,eberbach-druckguss.de,2.7,OK
https://www.elektronik-schmidt.eu/kabelkonfektion/,elektronik-schmidt.eu,2.0,OK
https://www.ernstbergmann.de/,ernstbergmann.de,0.1,OK
https://www.federn-technische.de/,federn-technische.de,0.3,OK
https://www.federnshop.com/de/,federnshop.com,62.0,OK
https://www.frostafoodservice.de/,frostafoodservice.de,17.0,OK
https://www.menke-gmbh.de/,menke-gmbh.de,3.8,OK
https://www.provertha.de/automotive-kabelkonfektion/,provertha.de,23.0,OK
https://www.soennewald.com/,soennewald.com,0.0,OK
https://www.stalter-federn.de/drahtformfedern.html,stalter-federn.de,0.9,OK
https://www.team.de/standort/agrar/neubrandenburg-futtermittelwerk,team.de,64.0,OK
http://www.lackiererei-sachsen.de/,lackiererei-sachsen.de,0.0,OK
https://abfedern.de/drahtbiegeteile/,abfedern.de,6.0,OK
https://broering.com/,broering.com,30.0,OK
https://broering.com/ueber-uns/qualitaet/,broering.com,30.0,OK
https://bunge.com/Deutschland,bunge.com,73.0,OK
https://cera-green.de/,cera-green.de,1.8,OK
https://kaiser-ot.com/unternehmen/,kaiser-ot.com,0.0,OK
https://ketterer-druckguss.de/,ketterer-druckguss.de,8.0,OK
https://lackiererei-voigtlaender.de/,lackiererei-voigtlaender.de,18.0,OK
https://lindnerfood.de/kundengruppen/betriebsverpflegung/,lindnerfood.de,30.0,OK
https://loest-pm.de/,loest-pm.de,3.7,OK
https://provita-supplements.de/zertifikate/,provita-supplements.de,19.0,OK
https://roeders.com/druckguss/,roeders.com,27.0,OK
https://rothkoetter.de/,rothkoetter.de,38.0,OK
https://sander-druckguss.de/,sander-druckguss.de,26.0,OK
https://scop-gmbh.de/en/ueber-uns/,scop-gmbh.de,3.0,OK
https://sts-sundern.de/,sts-sundern.de,7.0,OK
https://wundg.de/steuerkabel/,wundg.de,0.0,OK
https://www.apetito.de/betriebe/unser-service-betriebe,apetito.de,70.0,OK
https://www.auer-packaging.com/de/Unternehmen.html,auer-packaging.com,49.0,OK
https://www.buss.de/de/ueber-uns,buss.de,31.0,OK
https://www.cmpieper.de/,cmpieper.de,0.3,OK
https://www.drei-v.de/de/start.html,drei-v.de,18.0,OK
https://www.dw-alu.de/,dw-alu.de,15.0,OK
https://www.fahrzeug-industrielackierung.de/firma.html,fahrzeug-industrielackierung.de,0.0,OK
https://www.federnwerk.de/,federnwerk.de,1.0,OK
https://www.federtechnik.com/,federtechnik.com,1.3,OK
https://www.fluessigfutter.de/aktuelles/zertiefizierung-gmp-abgeschlossen.html,fluessigfutter.de,32.0,OK
https://www.forfarmersteamagrar.de/zertifizierung,forfarmersteamagrar.de,32.0,OK
https://www.gg-group.com/de/branchen/automotive,gg-group.com,40.0,OK
https://www.groupe-lacroix.com/de/home-page-de/,groupe-lacroix.com,26.0,OK
https://www.heinrichs-gmbh.de/,heinrichs-gmbh.de,21.0,OK
https://www.iic-ag.com/de/,iic-ag.com,9.0,OK
https://www.karolick.de/,karolick.de,5.0,OK
https://www.lesjofors.com/de/produkte/drahtfedern-drahtbiegeteile/,lesjofors.com,51.0,OK
https://www.likrawest.de/,likrawest.de,21.0,OK
https://www.lov.de/kontakt,lov.de,17.0,OK
https://www.mainstar-group.de/,mainstar-group.de,0.0,OK
https://www.metallveredlung-kotsch.de/,metallveredlung-kotsch.de,11.0,OK
https://www.miguss.de/,miguss.de,7.0,OK
https://www.paul-steffenhagen.de/,paul-steffenhagen.de,7.0,OK
https://www.pg-metallveredelung.de/,pg-metallveredelung.de,10.0,OK
https://www.pw-sachsenlack.de/index.php?menuid=36,pw-sachsenlack.de,26.0,OK
https://www.sabamuehle.de/gmp-fsa-zertifizierung/,sabamuehle.de,1.2,OK
https://www.sbv-stahl.com/aluminium-druckguss/,sbv-stahl.com,0.0,OK
https://www.sbv-stahl.com/en/aluminum-die-casting/,sbv-stahl.com,0.0,OK
https://www.schoett-druckguss.de/,schoett-druckguss.de,4.4,OK
https://www.thg-norderstedt.com/,thg-norderstedt.com,4.0,OK
https://www.wesa-cnc.de/,wesa-cnc.de,0.6,OK
https://bat-agrar.de/tiernahrung/,bat-agrar.de,46.0,OK
https://broering.com/futtermittel/,broering.com,30.0,OK
https://cotarko.de/druckguss/,cotarko.de,3.2,OK
https://gerlicher.de/,gerlicher.de,23.0,OK
https://grueber.de/,grueber.de,18.0,OK
https://heichegroup.com/de/standorte/details/heiche-sachsen/,heichegroup.com,19.0,OK
https://kleeschulte.de/kleeschulte-oelmuehle/,kleeschulte.de,22.0,OK
https://lamotte-oils.de/branchen/lebensmittel/,lamotte-oils.de,32.0,OK
https://moha-gmbh.de/cnc-bauteile-lieferant-automotive/,moha-gmbh.de,0.0,OK
https://platenius-federn.de/,platenius-federn.de,0.7,OK
https://ribe.de/technische-federn/,ribe.de,55.0,OK
https://rn-kabeltechnik.de/,rn-kabeltechnik.de,0.5,OK
https://rothkoetter-mischfutterwerk.de/,rothkoetter-mischfutterwerk.de,16.0,OK
https://sander-druckguss.de/leistung/aluminiumdruckguss/,sander-druckguss.de,26.0,OK
https://sander-gourmet.com/,sander-gourmet.com,32.0,OK
https://stueken.com/de/,stueken.com,37.0,OK
https://tsg-group.de/unternehmen/,tsg-group.de,20.0,OK
https://willy-remscheid.de/,willy-remscheid.de,5.0,OK
https://wiringgerman.com/kabelbaeume,wiringgerman.com,23.0,OK
https://www.aircolor-dresden.de/,aircolor-dresden.de,9.0,OK
https://www.alpla.com/de,alpla.com,66.0,OK
https://www.autokabel.com/wp-content/uploads/Certificate-IATF-16949-SAK-June-2024_DE.pdf,autokabel.com,32.0,OK
https://www.biond.de/,biond.de,42.0,OK
https://www.brose.com/de-de/,brose.com,69.0,OK
https://www.buss.de/de,buss.de,31.0,OK
https://www.chefsculinar.de/hi-taste-38933.htm,chefsculinar.de,63.0,OK
https://www.cremer.de/de/geschaeftsbereiche/industrie/tiernahrung.html,cremer.de,40.0,OK
https://www.dema-gmbh.de/unternehmen,dema-gmbh.de,7.0,OK
https://www.depka.de/,depka.de,1.8,OK
https://www.deuka.de/unternehmen/zertifikate/,deuka.de,48.0,OK
https://www.distrona.de/de/kabelkonfektion/kabelbaeume,distrona.de,6.0,OK
https://www.drahtwerk-wagener.de/de/draht-produkte/federstahldraht/,drahtwerk-wagener.de,17.0,OK
https://www.dreistern-food.de/unternehmen/ueber_uns/,dreistern-food.de,25.0,OK
https://www.duerrmann.de/,duerrmann.de,12.0,OK
https://www.eib-mehlhorn.de/kabelkonfektionierung,eib-mehlhorn.de,9.0,OK
https://www.eichler-sachsen.de/pulverbeschichtung/,eichler-sachsen.de,23.0,OK
https://www.federnshop.com/de/produkte/drahtbiegeteile/federnanfrage.html,federnshop.com,62.0,OK
https://www.genuino.de/,genuino.de,0.3,OK
https://www.gfcs.com/content/dam/gfcs/as-about-gf-casting-solutions/as-sustainability/as-certificates/iatf-16949-werdohl-2024-de.pdf,gfcs.com,49.0,OK
https://www.gizeh-pet.de/unternehmen,gizeh-pet.de,5.0,OK
https://www.gwp-ag.de/unternehmen/maerkte/automotive/1161.AUTOMOTIVE.html,gwp-ag.de,6.0,OK
https://www.heessoils.com/,heessoils.com,27.0,OK
https://www.hofmanns.de/hofmanns-to-go-verpflegung,hofmanns.de,48.0,OK
https://www.kamotec.de/,kamotec.de,4.0,OK
https://www.kesseboehmer.com/automotive/leistungen/lohnbeschichtung,kesseboehmer.com,61.0,OK
https://www.kirsch-kunststofftechnik.de/lohnbeschichtung-kunststoffe/,kirsch-kunststofftechnik.de,15.0,OK
https://www.kromberg-schubert.com/the-wiring-systems-specialist/wiring-systems,kromberg-schubert.com,41.0,OK
https://www.laukoetter.com/de/druckguss/aluminium,laukoetter.com,3.4,OK
https://www.mea-protecc.de/,mea-protecc.de,3.0,OK
https://www.menke-gmbh.de/produkte/drahtbiegeteile/,menke-gmbh.de,3.8,OK
https://www.moser-technik.de/kabelkonfektion/,moser-technik.de,11.0,OK
https://www.moser-technik.de/kabelsaetze/,moser-technik.de,11.0,OK
https://www.neusserformblech.de/lohnbeschichtung,neusserformblech.de,7.0,OK
https://www.peku.com/,peku.com,13.0,OK
https://www.power-cast.com/,power-cast.com,25.0,OK
https://www.protec-metall.com/,protec-metall.com,6.0,OK
https://www.rausch-packaging.com/de/,rausch-packaging.com,35.0,OK
https://www.rbs-mischfutter.de/,rbs-mischfutter.de,14.0,OK
https://www.rose-plastic.de/de,rose-plastic.de,40.0,OK
https://www.schaeffler.com/de/sparten-produkte/produkte/,schaeffler.com,77.0,OK
https://www.schobert-automotive.de/,schobert-automotive.de,6.0,OK
https://www.schotteautomotive.com/,schotteautomotive.com,14.0,OK
https://www.schubertkunststoff.de/,schubertkunststoff.de,9.0,OK
https://www.schweizer-federn.com/de/produkte/drahtbiegeteile-3/,schweizer-federn.com,2.9,OK
https://www.slf.eu/kunden/oberflaechenveredelung-lohnbeschichtung/,slf.eu,30.0,OK
https://www.stanzteilehersteller.de/,stanzteilehersteller.de,19.0,OK
https://www.stanztronic.de/,stanztronic.de,17.0,OK
https://www.strubl.de/,strubl.de,18.0,OK
https://www.trassl-polymer.de/,trassl-polymer.de,16.0,OK
https://www.velleuer.de/,velleuer.de,26.0,OK
https://www.wingert-foods.de/handel/,wingert-foods.de,16.0,OK
https://www.wulfa.net/,wulfa.net,13.0,OK
https://www.ziani.de/,ziani.de,3.9,OK
https://ziller-federn.de/,ziller-federn.de,7.0,OK
https://abfedern.de/,abfedern.de,6.0,OK
https://aundl-industrielack.de/lohnbeschichtung/,aundl-industrielack.de,6.0,OK
https://bkt.de/,bkt.de,5.0,OK
https://bkt.de/produkte/,bkt.de,5.0,OK
https://carblast.de/ktl-beschichten/,carblast.de,27.0,OK
https://cartronic-schoenemann.de/,cartronic-schoenemann.de,2.1,OK
https://cis.de/en/products/wiring-harness/,cis.de,32.0,OK
https://cis.de/maerkte/automotive/,cis.de,32.0,OK
https://comline-elektronik.de/,comline-elektronik.de,14.0,OK
https://edeka-foodservice.de/sortiment/tiefkuehl-high-convenience,edeka-foodservice.de,56.0,OK
https://efi-zerspanung.de/,efi-zerspanung.de,0.0,OK
https://em-kunststofftechnik.de/kontakt/,em-kunststofftechnik.de,14.0,OK
https://em-kunststofftechnik.de/ueber-das-unternehmen/,em-kunststofftechnik.de,14.0,OK
https://fb-tec.com/,fb-tec.com,4.3,OK
https://harzguss.de/unternehmen/ueber-uns,harzguss.de,6.0,OK
https://haufe-assembly.de/produkte/automotive.html,haufe-assembly.de,3.7,OK
https://hi-te.de/,hi-te.de,4.4,OK
https://infolio-verpackungen.com/,infolio-verpackungen.com,0.0,OK
https://ke-elektronik.de/technologien/produkte/,ke-elektronik.de,33.0,OK
https://klesch.de/branchen/automotive/,klesch.de,9.0,OK
https://klinkmann-federn.de/produkte/drahtbiegeteile,klinkmann-federn.de,0.9,OK
https://klumpp-gmbh.de/,klumpp-gmbh.de,24.0,OK
https://linhardt.com/home-industrial/,linhardt.com,34.0,OK
https://md-umformtechnik.de/branchen/automotive,md-umformtechnik.de,0.0,OK
https://pribo.de/produkte/ol_fett/,pribo.de,20.0,OK
https://pundh-cnc.com/,pundh-cnc.com,0.0,OK
https://r-s-r-gmbh.de/,r-s-r-gmbh.de,0.0,OK
https://rgenau-industries.de/oberflaechenbeschichtung/kunststoffbeschichtung/,rgenau-industries.de,23.0,OK
https://roeders.com/aktuelles/,roeders.com,27.0,OK
https://sander-care.com/,sander-care.com,10.0,OK
https://saumweber.biz/ueber-uns,saumweber.biz,22.0,OK
https://scop-gmbh.de/en/,scop-gmbh.de,3.0,OK
https://service.transgourmet.de/,service.transgourmet.de,64.0,OK
https://temming-online.de/,temming-online.de,0.0,OK
https://thema-federn.de/,thema-federn.de,12.0,OK
https://u-t-p.de/,u-t-p.de,5.0,OK
https://usdform.de/,usdform.de,2.4,OK
https://varioplast.de/de/branchen/automotive,varioplast.de,14.0,OK
https://velleuer.de/produkte/drahtfedern/,velleuer.de,26.0,OK
https://vitz.de/,vitz.de,18.0,OK
https://wek-verpackungen.de/,wek-verpackungen.de,0.5,OK
https://www.2pack.de/,2pack.de,9.0,OK
https://www.aak.com/about-AAK/,aak.com,65.0,OK
https://www.aicher-praezision.de/,aicher-praezision.de,9.0,OK
https://www.alpla.com/de/produkte-innovationen/produkte,alpla.com,66.0,OK
https://www.alucolor-chemnitz.de/unternehmen/,alucolor-chemnitz.de,18.0,OK
https://www.alupur.de/Aluminiumdruckguss-Automobilindustrie.htm,alupur.de,3.8,OK
https://www.amz-wpg.de/qualitaet/,amz-wpg.de,1.6,OK
https://www.aot.de/news-detail/AOT-IFS-FOOD-zertifiziert.html,aot.de,35.0,OK
https://www.apetito.de/,apetito.de,70.0,OK
https://www.apetito.de/-/media/ApetitoDe/Beste-Qualitaet/Zertifikate/Costa_IFS_gltig-bis-Mrz-2026-de.pdf,apetito.de,70.0,OK
https://www.apetito.de/beste-qualitaet/-/media/438d39e602ac481181c04d11018faaa6.ashx,apetito.de,70.0,OK
https://www.benseler.de/de/verfahren/beschichtung.php,benseler.de,35.0,OK
https://www.benteler.com/de/produkte-services/automotive-produkte/fahrwerkskomponenten/,benteler.com,65.0,OK
https://www.bge-et.de/,bge-et.de,0.2,OK
https://www.bindernet.de/de/,bindernet.de,22.0,OK
https://www.bioplanete.de/,bioplanete.de,49.0,OK
https://www.boewe-elektrik.de/,boewe-elektrik.de,28.0,OK
https://www.boewe-elektrik.de/kabelkonfektion/,boewe-elektrik.de,28.0,OK
https://www.buerkle-federn.de/,buerkle-federn.de,3.1,OK
https://www.car-electric.de/,car-electric.de,12.0,OK
https://www.cefeg.de/,cefeg.de,32.0,OK
https://www.chefsculinar.de/ueber-uns-8811.htm,chefsculinar.de,63.0,OK
https://www.color-tec.de/,color-tec.de,4.8,OK
https://www.colorparts.de/,colorparts.de,13.0,OK
https://www.css-kunststofftechnik.de/lohnbeschichtung.html,css-kunststofftechnik.de,1.3,OK
https://www.deikra-futter.de/,deikra-futter.de,8.0,OK
https://www.dimack.de/,dimack.de,0.0,OK
https://www.dittes-galvanik.de/,dittes-galvanik.de,11.0,OK
https://www.draexlmaier.com/en/products/electrical-systems,draexlmaier.com,57.0,OK
https://www.drahtbiegeteile-dbs.de/,drahtbiegeteile-dbs.de,12.0,OK
https://www.dreher-cnc.de/,dreher-cnc.de,2.7,OK
https://www.dw-alu.de/fileadmin/Druckguss_Westfalen/Downloads_Dokumente_Zertifikate/080262_-_Druckguss_Westfalen_GmbH___Co._KG_-_CERTIFICATE_-_deutsch_-_2024-05-03_-_IATF16.pdf,dw-alu.de,15.0,OK
https://www.eib-mehlhorn.de/,eib-mehlhorn.de,9.0,OK
https://www.eisenmann-druckguss.de/downloads/pdf/16949_2024.pdf,eisenmann-druckguss.de,18.0,OK
https://www.ek-pack.com/,ek-pack.com,16.0,OK
https://www.ekl-ag.de/Reutlingen/Kuehlkoerper-Hersteller/direct/Druckguss-Die-Casting.html,ekl-ag.de,24.0,OK
https://www.es-plastic.de/,es-plastic.de,8.0,OK
https://www.farmersland.de/,farmersland.de,19.0,OK
https://www.federnwerk.com/federn/drahtbiegeteile/,federnwerk.com,18.0,OK
https://www.fernholz.biz/,fernholz.biz,24.0,OK
https://www.fiabuc.de/produkte/kabelb%C3%A4ume,fiabuc.de,2.3,OK
https://www.foodtrading.de/industrie/,foodtrading.de,1.3,OK
https://www.forfarmersteamagrar.de/,forfarmersteamagrar.de,32.0,OK
https://www.frapak.com/de/,frapak.com,39.0,OK
https://www.freiberger-druckguss.de/,freiberger-druckguss.de,6.0,OK
https://www.fries-kt.com/produkte/verpackung/ratgeber-industrieverpackungen/ratgeber-lebensmittelkonformitaet/,fries-kt.com,35.0,OK
https://www.frischdienst-union.de/,frischdienst-union.de,32.0,OK
https://www.fuessmann-federn.de/,fuessmann-federn.de,3.2,OK
https://www.fuessmann-federn.de/unternehmen,fuessmann-federn.de,3.2,OK
https://www.greiner-gpi.com/de/Greiner-Packaging/Kunststoffverpackungen,greiner-gpi.com,54.0,OK
https://www.gropack.de/,gropack.de,0.8,OK
https://www.gs-genossenschaft.de/agri,gs-genossenschaft.de,30.0,OK
https://www.gs-genossenschaft.de/digitale-services/zertifikate,gs-genossenschaft.de,30.0,OK
https://www.gwp-ag.de/,gwp-ag.de,6.0,OK
https://www.haertecenter.de/,haertecenter.de,31.0,OK
https://www.handtmann.de/fileadmin/user_upload/Geschaeftsbereiche/Leichtmetallguss/Ueber_Uns/Zertifikate_Englisch/IATF-16949-MGW-EN-2024.pdf,handtmann.de,51.0,OK
https://www.handtmann.de/leichtmetallguss/rechtliches/impressum,handtmann.de,51.0,OK
https://www.hannes-federn.de/files/KATALOG.pdf?ts=1740575556,hannes-federn.de,1.5,OK
https://www.heismann.de/branchenloesungen/innovative-automotive-technik,heismann.de,24.0,OK
https://www.henselundpartner.de/drahtbiegeteile-schenkelfedern.php,henselundpartner.de,38.0,OK
https://www.heuschkel-druckguss.de/,heuschkel-druckguss.de,17.0,OK
https://www.hilmer-cnc-technik.de/,hilmer-cnc-technik.de,4.1,OK
https://www.hirschvogel.com/en/,hirschvogel.com,52.0,OK
https://www.hl-futter.de/de/qualitaet/zertifikate,hl-futter.de,29.0,OK
https://www.inometa.de/lohnbeschichtung/,inometa.de,42.0,OK
https://www.ipek-industries.com/aluminiumdruckguss/,ipek-industries.com,0.0,OK
https://www.jokey.com/,jokey.com,51.0,OK
https://www.jokey.com//,jokey.com,51.0,OK
https://www.jokey.com/produkte,jokey.com,51.0,OK
https://www.juetro-tkk.de/produktuebersicht/,juetro-tkk.de,16.0,OK
https://www.juj-beschichtung.de/,juj-beschichtung.de,0.6,OK
https://www.kabelbaumfertigung.de/,kabelbaumfertigung.de,6.0,OK
https://www.kohlhage.de/,kohlhage.de,27.0,OK
https://www.ksmcastings.com/,ksmcastings.com,33.0,OK
https://www.ktl-mhk.de/ktl/,ktl-mhk.de,3.3,OK
https://www.kufatec.de/de/services/cable-manufacture.html,kufatec.de,41.0,OK
https://www.kummer-gmbh.de/home.html,kummer-gmbh.de,13.0,OK
https://www.lackierzentrum-limbach.de/,lackierzentrum-limbach.de,0.8,OK
https://www.landhandel-grossmann.de/,landhandel-grossmann.de,1.1,OK
https://www.leyh.de/service/liefergebiet.php,leyh.de,21.0,OK
https://www.luxotronic.de/,luxotronic.de,14.0,OK
https://www.middeke-lack.de/leistungen/industrielackierungen,middeke-lack.de,0.7,OK
https://www.milkabelsystems.com/kabellieferant-deutschland/,milkabelsystems.com,6.0,OK
https://www.muetron.de/kabelbaeume/,muetron.de,30.0,OK
https://www.nestleprofessional.de/,nestleprofessional.de,35.0,OK
https://www.oberplast.de/content/1_home.htm,oberplast.de,1.4,OK
https://www.oltrop-zerspanungstechnik.de/,oltrop-zerspanungstechnik.de,1.8,OK
https://www.onshii.de/,onshii.de,9.0,OK
https://www.pecnolet.de/,pecnolet.de,7.0,OK
https://www.polymersynthese.com/home/faqs/lebensmittelecht,polymersynthese.com,26.0,OK
https://www.pw-sachsenlack.de/index.php?menuid=34,pw-sachsenlack.de,26.0,OK
https://www.pw-sachsenlack.de/willkommen,pw-sachsenlack.de,26.0,OK
https://www.raiffeisen-vital.de/mischfutter/qualitaet/,raiffeisen-vital.de,26.0,OK
https://www.rebel.de/,rebel.de,8.0,OK
https://www.rhoese-frischdienst.de/,rhoese-frischdienst.de,7.0,OK
https://www.ritzi-lackiertechnik.de/serienfertigung/,ritzi-lackiertechnik.de,23.0,OK
https://www.saatenberg.com/produkte/oele,saatenberg.com,0.6,OK
https://www.stalter-federn.de/material.html,stalter-federn.de,0.9,OK
https://www.subtil-group.com/de/produkte/drahtformteile.html,subtil-group.com,25.0,OK
https://www.suedplast.de/,suedplast.de,0.8,OK
https://www.sunrise-casta.com/,sunrise-casta.com,0.0,OK
https://www.szae.de/de/content/900/A43E_EV-0393_Allgemeine_Einkaufsbedingungen_SZAE_Rev._01.pdf,szae.de,28.0,OK
https://www.szae.de/en/stamping_parts-312.html,szae.de,28.0,OK
https://www.thg-norderstedt.com/de/,thg-norderstedt.com,4.0,OK
https://www.trockenwerk-eldena.de/mischfutter/,trockenwerk-eldena.de,4.3,OK
https://www.uniqfood.de/de/verantwortung/,uniqfood.de,12.0,OK
https://www.univ-pulverbeschichtung.de/,univ-pulverbeschichtung.de,3.9,OK
https://www.varioplast.de/de/technologien-prozesse/oberflaechenveredelung-deutschland-pvd-lackierung-laser,varioplast.de,14.0,OK
https://www.vdf-springs.com/de/impressum.php,vdf-springs.com,1.8,OK
https://www.vortella.de/unternehmen/,vortella.de,6.0,OK
https://www.walter-rau.de/fuer-profis/foodservice/unser-sortiment,walter-rau.de,22.0,OK
https://www.winklerundschorn.de/,winklerundschorn.de,23.0,OK
https://www.wr-maschinenbau.de/,wr-maschinenbau.de,0.7,OK
https://www.wuebken.de/,wuebken.de,11.0,OK
https://www.zf.com/products/de/cars/home/cars.html,zf.com,81.0,OK
https://www.zismann.de/,zismann.de,4.2,OK
https://ae-group.de/de/news-ae-group/newsreader/ae-group-wechselt-von-der-eigenverwaltung-in-regelinsolvenzverfahren,ae-group.de,29.0,OK
https://ae-group.de/files/downloads/Zertifikate/IATF16949_allg_2024_de.pdf,ae-group.de,29.0,OK
https://aftermarket.zf.com/de/aftermarket-portal/unser-portfolio/pkw-transporter/produkte/antriebsstrang/,aftermarket.zf.com,81.0,OK
https://aftermarket.zf.com/de/aftermarket-portal/unsere-marken/lemfoerder/,aftermarket.zf.com,81.0,OK
https://agh-weikmann.de/wissenswertes,agh-weikmann.de,21.0,OK
https://agravisprod-media.e-spirit.cloud/9b22dc98-182f-4a49-a2fa-24e024a2e40b/content/unsere-leistungen/tiere/zertifikate-09-24/gmp-futtermittelsicherheit/agravis-kraftfutterwerk-oldenburg-gmbh_kw-oldenburg_deutsch.pdf,agravisprod-media.e-spirit.cloud,70.0,OK
https://agravisprod-media.e-spirit.cloud/9b22dc98-182f-4a49-a2fa-24e024a2e40b/content/unsere-leistungen/tiere/zertifikate-09-24/gmp-futtermittelsicherheit/agravis-mischfutter-ostwestfalenlippe-gmbh_kw-minden_englisch.pdf,agravisprod-media.e-spirit.cloud,70.0,OK
https://aluminium-giesserei.de/,aluminium-giesserei.de,0.5,OK
https://ansorge.com/,ansorge.com,13.0,OK
https://appinger-ks.de/,appinger-ks.de,0.1,OK
https://aptar.com/en-us/,aptar.com,68.0,OK
https://aptar.com/en-us/news-events/aptar-closures-freyung-germany-plant-receives-iscc-plus-certification,aptar.com,68.0,OK
https://ast-kanister.de/de/,ast-kanister.de,33.0,OK
https://b-k-kabeltechnik.de/kabelkonfektion/,b-k-kabeltechnik.de,0.5,OK
https://b2b.prepmymeal.de/,b2b.prepmymeal.de,26.0,OK
https://b2b.prepmymeal.de/en/pages/mitarbeiterverpflegung,b2b.prepmymeal.de,26.0,OK
https://bard1856.de/wp-content/uploads/2025/08/2025_ZERTIFIKAT_IFS-F_AGZ2314_nach-Erweiterungsaudit.pdf,bard1856.de,28.0,OK
https://bat-agrar.de/sparten/tiernahrung/,bat-agrar.de,46.0,OK
https://bat-agrar.de/wp-content/uploads/sites/34/2025/07/qs-zertifikat-bat-agrar-muessen.pdf,bat-agrar.de,46.0,OK
https://bergland-food.de/,bergland-food.de,1.8,OK
https://bestcon-food.de/unternehmen/,bestcon-food.de,13.0,OK
https://beweka.com/,beweka.com,21.0,OK
https://bia-group.com/unternehmen/,bia-group.com,35.0,OK
https://bkt.de/produkte/kanister-kannen-flaschen/,bkt.de,5.0,OK
https://bkt.de/unternehmen/,bkt.de,5.0,OK
https://brand-group.com/brandgroup/zahlen-fakten/,brand-group.com,29.0,OK
https://brand-group.com/en/,brand-group.com,29.0,OK
https://brand-group.com/en/products/based-on-springs/wire-forming-parts/,brand-group.com,29.0,OK
https://brand-group.com/produkte/nach-federn/drahtbiegeteile-/-drehstabfeder/,brand-group.com,29.0,OK
https://brand-group.com/standorte-partnerschaften/,brand-group.com,29.0,OK
https://brenne.de/produkte/,brenne.de,10.0,OK
https://broekelmann-shop.de/,broekelmann-shop.de,2.4,OK
https://broering.com/ueber-uns/standorte/,broering.com,30.0,OK
https://careers.motherson.com/de/location/barchfeld,careers.motherson.com,68.0,OK
https://castconcept.de/files/cast-concept-Produktspektrum.pdf,castconcept.de,0.0,OK
https://catalog.paccor.com/,catalog.paccor.com,39.0,OK
https://cdn.dieseltechnic.com/pdf/Certificates/ISO_45001_2018/DOC_0502_EN_-_Certificate_45001_2018_Rev._4.2_2021-04.pdf,cdn.dieseltechnic.com,50.0,OK
https://cis.de/anwendungsbereiche/automotive/,cis.de,32.0,OK
https://cook-chill-gmbh.de/,cook-chill-gmbh.de,0.0,OK
https://copack.eu/downloads/9/IFS-RTK-equiry%2006.2019.pdf,copack.eu,2.1,OK
https://cotarko.de/unternehmen/,cotarko.de,3.2,OK
https://de-pack.de/b2b-verpackungen,de-pack.de,54.0,OK
https://deikra-futter.de/startseite.html,deikra-futter.de,8.0,OK
https://die-maler-gmbh.de/lackierarbeiten/,die-maler-gmbh.de,4.0,OK
https://drahtbiegeteile.de/,drahtbiegeteile.de,0.0,OK
https://edeka-foodservice-gruppe.de/,edeka-foodservice-gruppe.de,21.0,OK
https://edeka-foodservice.de/,edeka-foodservice.de,56.0,OK
https://edeka-foodservice.de/edeka-foodservice-in-meiner-naehe/wiesbaden,edeka-foodservice.de,56.0,OK
https://edeka-foodservice.de/markenpartner/salomon-foodworld,edeka-foodservice.de,56.0,OK
https://eisenmann-druckguss.de/downloads/pdf/16949_2024.pdf,eisenmann-druckguss.de,18.0,OK
https://eisenmann-druckguss.de/ueber-eisenmann/,eisenmann-druckguss.de,18.0,OK
https://eisenmann-druckguss.de/ueber-eisenmann/index.php,eisenmann-druckguss.de,18.0,OK
https://elke-plastic.de/,elke-plastic.de,17.0,OK
https://elringklinger.de/en/products-technologies,elringklinger.de,65.0,OK
https://em-kunststofftechnik.de/fileadmin/user_upload/IATF_16949__EMK_Monastir_01_111_1800771_Main_EN_2025.pdf,em-kunststofftechnik.de,14.0,OK
https://em-kunststofftechnik.de/kabelkonfektion/,em-kunststofftechnik.de,14.0,OK
https://engelking.com/de-de/loesungen/wiring-cable-solutions,engelking.com,16.0,OK
https://erxleben.biz/about,erxleben.biz,3.6,OK
https://erxleben.biz/qualitaetswesen,erxleben.biz,3.6,OK
https://etimex.de/,etimex.de,28.0,OK
https://euro-food.de/home,euro-food.de,36.0,OK
https://fesser-sondermaschinenbau.de/,fesser-sondermaschinenbau.de,1.3,OK
https://fixauto.com/altmuehlfranken/de/lohnbeschichtung,fixauto.com,59.0,OK
https://fleros.de/en/blogs/news/lebensmittelecht-und-nachhaltig-kunststoffverpackungen-fischindustrie,fleros.de,3.4,OK
https://fluessigfutter.de/futtermittel/,fluessigfutter.de,32.0,OK
https://fondium.eu/ktl/,fondium.eu,25.0,OK
https://foodservice.hilcona.com/de/,foodservice.hilcona.com,54.0,OK
https://foodservice.hilcona.com/de/65/Ueber-Uns.html,foodservice.hilcona.com,54.0,OK
https://fricke-feinmechanik.de/,fricke-feinmechanik.de,18.0,OK
https://fritzschmidt-metallgiesserei.de/,fritzschmidt-metallgiesserei.de,1.5,OK
https://fuf-fisch.de/,fuf-fisch.de,4.9,OK
https://fuw.net/,fuw.net,15.0,OK
https://fuw.net/futtermittel/,fuw.net,15.0,OK
https://gerweck-gmbh.de/unternehmen,gerweck-gmbh.de,26.0,OK
https://graf-werdohl.de/,graf-werdohl.de,0.0,OK
https://grueber.de/unternehmen/,grueber.de,18.0,OK
https://gsmotion.de/produkte/oberflaechenbeschichtung/,gsmotion.de,16.0,OK
https://haeusler-frischeservice.de/cf-foodservice/,haeusler-frischeservice.de,28.0,OK
https://harzguss.de/,harzguss.de,6.0,OK
https://harzguss.de/fileadmin/user_upload/Service/Downloads/IATF_16949-247665-2017-AQ-GER-IATF-5-de-DE-20240227-20240227230801.pdf,harzguss.de,6.0,OK
https://hdo-gmbh.com/wp-content/uploads/Zertifikat_iatf_16949_hdo-pb_de.pdf,hdo-gmbh.com,28.0,OK
https://heichegroup.com/de/,heichegroup.com,19.0,OK
https://heichegroup.com/en/locations/details/heiche-saxony/,heichegroup.com,19.0,OK
https://heptec.de/maerkte-branchen/automotiv/,heptec.de,0.8,OK
https://heptec.de/qualitaet/,heptec.de,0.8,OK
https://heuchemer.de/,heuchemer.de,23.0,OK
https://hk-praezisionsteile.de/,hk-praezisionsteile.de,17.0,OK
https://hofmann-oberflaeche.de/,hofmann-oberflaeche.de,4.8,OK
https://holzapfel-group.com/en/branchen-solutions/,holzapfel-group.com,29.0,OK
https://holzapfel-group.com/ihr-mehrwert/kompetenzzentrum/glossar-der-galvanotechnik/e/erstmuster-pruefbericht/,holzapfel-group.com,29.0,OK
https://holzapfel-group.com/index.php?L=4&id=135,holzapfel-group.com,29.0,OK
https://holzapfel-group.com/ueber-uns/,holzapfel-group.com,29.0,OK
https://hutzeltechnics.de/autoindustrie/,hutzeltechnics.de,12.0,OK
https://ibex-lohnfertigung.de/,ibex-lohnfertigung.de,2.7,OK
https://ilb-gmbh.de/,ilb-gmbh.de,6.0,OK
https://inter-oil.de/produkte/,inter-oil.de,0.0,OK
https://jobportal.sano.de/Softwarearchitekt-mwd-Smart-Farming-Datenanalyse-KI-mwd-de-j465.html,jobportal.sano.de,33.0,OK
https://jobs.aptar.com/job/Freyung-Duales-Studium-Kunststofftechnik-%28mwd%29-BY-94078/1365864333/,jobs.aptar.com,68.0,OK
https://kabelbaeume.de/english.html,kabelbaeume.de,22.0,OK
https://kabelbaumfertigung.de/,kabelbaumfertigung.de,6.0,OK
https://kabelform.com/ueber-uns,kabelform.com,0.7,OK
https://kabelkonfektion.com/,kabelkonfektion.com,17.0,OK
https://karriere.brand-group.com/jobs/werkstudent-industrial-engineer-it-m-w-d-in-anroechte-bei-lippstadt/,karriere.brand-group.com,29.0,OK
https://ke-elektronik.de/wp-content/uploads/2022/02/22-02-16-Leitfaden-zur-Lieferantenbewertung.pdf,ke-elektronik.de,33.0,OK
https://ketterer-druckguss.de/impressum/,ketterer-druckguss.de,8.0,OK
https://kirchhoff-automotive.com/de/,kirchhoff-automotive.com,50.0,OK
https://kirchhoff-automotive.com/products-competencies/tools/parent-company/,kirchhoff-automotive.com,50.0,OK
https://klinkmann-federn.de/,klinkmann-federn.de,0.9,OK
https://kornkraft.com/,kornkraft.com,46.0,OK
https://kreher-lackier.de/,kreher-lackier.de,0.0,OK
https://kuwertz.de/,kuwertz.de,0.2,OK
https://lackierzentrum-reichenbach.de/industrielackierung/,lackierzentrum-reichenbach.de,5.0,OK
https://lamotte-oils.de/,lamotte-oils.de,32.0,OK
https://lamotte-oils.de/download/2179/?tmstv=1706877331,lamotte-oils.de,32.0,OK
https://lamotte-oils.de/wp-content/uploads/sites/2/dlm_uploads/2024/02/IFS-Broker.pdf,lamotte-oils.de,32.0,OK
https://lamotte-oils.de/wp-content/uploads/sites/2/dlm_uploads/2026/01/IFS-Food-HLO-Englisch-20.03.2027.pdf,lamotte-oils.de,32.0,OK
https://lamotte-oils.de/zertifizierungen/,lamotte-oils.de,32.0,OK
https://lange-ktl.de/,lange-ktl.de,0.0,OK
https://laupp-gmbh.de/,laupp-gmbh.de,10.0,OK
https://linhardt.com/,linhardt.com,34.0,OK
https://linhardt.com/kontakt/,linhardt.com,34.0,OK
https://linhardt.com/kunststofftuben/,linhardt.com,34.0,OK
https://link-gmbh.de/company.html,link-gmbh.de,8.0,OK
https://mega-tierernaehrung.com/unternehmen/,mega-tierernaehrung.com,27.0,OK
https://metakem.de/produkte/sonderanfertigungen-in-der-edelmetallchemie-metakem/lohnbeschichtung-platin/,metakem.de,19.0,OK
https://muepraez.de/,muepraez.de,5.0,OK
https://my.bat-agrar.de/fusion-atr-beiselen,my.bat-agrar.de,46.0,OK
https://my.forfarmers.de/en/login,my.forfarmers.de,23.0,OK
https://natzan-packaging.com/,natzan-packaging.com,2.4,OK
https://neumann-verpackungen.de/,neumann-verpackungen.de,3.3,OK
https://nordische-oelwerke.de/,nordische-oelwerke.de,0.9,OK
https://nova-industriedienstleistungen.de/elektromechanische-baugruppen/,nova-industriedienstleistungen.de,2.9,OK
https://nova-industriedienstleistungen.de/kabelbaum-konfektionierung/,nova-industriedienstleistungen.de,2.9,OK
https://oberplast.de/,oberplast.de,1.4,OK
https://oelmanufaktur-sankelmark.de/shop/,oelmanufaktur-sankelmark.de,8.0,OK
https://olenex.com/about-us/,olenex.com,39.0,OK
https://online-shop.sander-gruppe.com/produkt-shy-sortiment/menue-shy-schalen/,online-shop.sander-gruppe.com,45.0,OK
https://ottmarmayer.de/,ottmarmayer.de,0.1,OK
https://palbo-gmbh.de/,palbo-gmbh.de,13.0,OK
https://palbo-gmbh.de/unternehmen/,palbo-gmbh.de,13.0,OK
https://paul-oberflaechentechnik.de/firmenkunden/,paul-oberflaechentechnik.de,0.0,OK
https://peotec.com/,peotec.com,0.3,OK
https://phiesel-gmbh.de/,phiesel-gmbh.de,3.0,OK
https://pieron.international/,pieron.international,21.0,OK
https://platenius-federn.de/draht-metallwaren/produkte/drahtbiegeteile.php,platenius-federn.de,0.7,OK
https://poehner-hamburg.com/de/,poehner-hamburg.com,0.8,OK
https://point-of-food.de/,point-of-food.de,26.0,OK
https://point-of-food.de/upload/pdf/dokument_1780040814_2_point_of_food_ifsfood_v8_2026en.pdf,point-of-food.de,26.0,OK
https://poly-pack.de/,poly-pack.de,7.0,OK
https://product-catalogue.alpla.com/es/product-catalogue?f%5B0%5D=category%3A1&f%5B1%5D=country%3AGermany&f%5B2%5D=country%3AItaly&f%5B3%5D=country%3APoland&f%5B4%5D=country%3ARomania&f%5B5%5D=country%3ASpain&f%5B6%5D=default_market_segments%3ABeauty+care&f%5B7%5D=default_market_segments%3AFood&f%5B8%5D=default_market_segments%3AHome+care&f%5B9%5D=shape%3ARound&page=0,product-catalogue.alpla.com,66.0,OK
https://psw-umformtechnik.de/,psw-umformtechnik.de,5.0,OK
https://pt-dresden.de/de/grossserienfertigung,pt-dresden.de,16.0,OK
https://pt-dresden.de/en/machined-parts,pt-dresden.de,16.0,OK
https://rgenau-industries.de/,rgenau-industries.de,23.0,OK
https://rgenau-industries.de/ila-willkommen/,rgenau-industries.de,23.0,OK
https://rgenau-industries.de/oberflaechenbeschichtung/,rgenau-industries.de,23.0,OK
https://rgenau-industries.de/ueber-uns/historie/,rgenau-industries.de,23.0,OK
https://rmw.de/de/,rmw.de,19.0,OK
https://rmw.de/de/service/kabelkonfektionierung,rmw.de,19.0,OK
https://robert-schroeder.de/,robert-schroeder.de,26.0,OK
https://rtautomotive.de/,rtautomotive.de,0.0,OK
https://rupf-industries.com/en/rupf-industries/about-us/locations-contacts/,rupf-industries.com,20.0,OK
https://rupf-industries.com/en/rupf-industries/business-segments/automotive/rupf-atg-casting/,rupf-industries.com,20.0,OK
https://sander-druckguss.de/unternehmen/,sander-druckguss.de,26.0,OK
https://sander-druckguss.de/wp-content/uploads/2023/08/161555-Sander-QM-WA-23-ay-EN.pdf,sander-druckguss.de,26.0,OK
https://sander-gourmet.com/downloads/Sander_Angebot_verpackte_Gerichte_2020_web.pdf,sander-gourmet.com,32.0,OK
https://sander-kanteenie.com/,sander-kanteenie.com,36.0,OK
https://sano24.de/media/c4/1b/1a/1715594175/Pastus%2B.pdf,sano24.de,39.0,OK
https://sas-jena.com/de/leistungen/kabelkonfektion/,sas-jena.com,0.3,OK
https://saumweber.biz/,saumweber.biz,22.0,OK
https://saumweber.biz/service/zertifikate,saumweber.biz,22.0,OK
https://scheiba-gmbh.de/,scheiba-gmbh.de,1.5,OK
https://schmaleundschulte.de/,schmaleundschulte.de,31.0,OK
https://schulze-druckguss.de/,schulze-druckguss.de,0.0,OK
https://schumacher-federn.de/materialien-werkstoffe-und-oberflaechen/,schumacher-federn.de,9.0,OK
https://schumacher-federn.de/produkte/,schumacher-federn.de,9.0,OK
https://semtron.de/,semtron.de,0.0,OK
https://service.transgourmet.de/goodies/menuemanager/,service.transgourmet.de,64.0,OK
https://shop.chefsculinar.de/de-de,shop.chefsculinar.de,63.0,OK
https://shop.meyer-menue.de/,shop.meyer-menue.de,56.0,OK
https://spe-paul.de/leistungsuebersicht/automotive-fahrzeugbau/,spe-paul.de,1.5,OK
https://stanger-drehteile.de/leistungen/,stanger-drehteile.de,0.8,OK
https://stremel.de/,stremel.de,0.8,OK
https://stueken.com/,stueken.com,37.0,OK
https://stueken.com/de/branchen/automotive,stueken.com,37.0,OK
https://stueken.com/stueken/Dokumente/Downloads/Broschueren/Stueken_Corporate_Information.pdf,stueken.com,37.0,OK
https://sumitomoelectric.com/company/office_group_companies/sumitomo-electric-bordnetze-se,sumitomoelectric.com,75.0,OK
https://sustainability.jokey.com/ppwr/,sustainability.jokey.com,51.0,OK
https://tooliss.de/en/,tooliss.de,1.2,OK
https://tzoleipzig.de/,tzoleipzig.de,19.0,OK
https://tzoleipzig.de/lack-und-pulverbeschichtung/,tzoleipzig.de,19.0,OK
https://unger-kabelkonfektion.de/kontakt/,unger-kabelkonfektion.de,13.0,OK
https://vacutherm.de/,vacutherm.de,7.0,OK
https://vandemoortele.com/de-de/produkte/plant-based-food-solutions,vandemoortele.com,61.0,OK
https://vdf-federn.de/,vdf-federn.de,28.0,OK
https://vdf-springs.com/de/standorte.php,vdf-springs.com,1.8,OK
https://vfi.co.at/de/,vfi.co.at,36.0,OK
https://viro.com/,viro.com,19.0,OK
https://wagner-fahrzeugteile.de/,wagner-fahrzeugteile.de,23.0,OK
https://wagner-fahrzeugteile.de/de-wAssets/docs/zertifikate/de/31622137-Wagner-GmbH-Co.-Fahrzeugteilefabrik-KG-CERTIFICATE-Deutsch-2025-08-13-IATF25.pdf,wagner-fahrzeugteile.de,23.0,OK
https://weiss-automotive.de/,weiss-automotive.de,11.0,OK
https://wmt-online.de/,wmt-online.de,8.0,OK
https://wmt-online.de/praezisionsdrehteile,wmt-online.de,8.0,OK
https://wolf-coating.de/automotive/,wolf-coating.de,27.0,OK
https://wp.breidert-galvanik.de/ueber-uns/,wp.breidert-galvanik.de,2.6,OK
https://wt-direct.de/pages/lohnfertigung,wt-direct.de,6.0,OK
https://wundg.de/ueber-uns/,wundg.de,0.0,OK
https://www.3f-gmbh.de/produkte/lohnfertigung/,3f-gmbh.de,8.0,OK
https://www.a-weber.com/company,a-weber.com,16.0,OK
https://www.a-weber.de/fileadmin/user_upload/zertifikate/wst/261855_-_weber_weinstadt_gmbh_-_certificate_-_deutsch_-_2024-05-21_-_iatf16.pdf,a-weber.de,5.0,OK
https://www.aalberts-st.com/de/branchen/automobilindustrie/,aalberts-st.com,51.0,OK
https://www.aalberts-st.com/de/standorte/zwoenitz/,aalberts-st.com,51.0,OK
https://www.aberger.de/de/branchenloesungen/,aberger.de,39.0,OK
https://www.aberger.de/files/downloads/001184_-_A._Berger_Praezisionsdrehteile_GmbH_Co._KG_-_CERTIFICATE_-_deutsch_-_2024-06-18_-_IATF25-1.pdf?t=1753352403,aberger.de,39.0,OK
https://www.accomplast.de/beschichtung.html,accomplast.de,19.0,OK
https://www.acps-automotive.com/wp-content/uploads/_media/mediathek/download/IATF-16949-St-Egidien-en.pdf,acps-automotive.com,35.0,OK
https://www.acs-innovations.de/fileadmin/user_upload/Unternehmen/Netzwerk-Traegerverein/Profile_Mitgliedsunternehmen/Sch%C3%B6tt-Druckgu%C3%9F_GmbH.pdf,acs-innovations.de,33.0,OK
https://www.adm.com/en-us/news/news-releases/new-full-function-olenex-jv-provides-comprehensive-integrated-capabilities-in-edible-oils-and-fats/,adm.com,77.0,OK
https://www.ae-group.de/de/news-ae-group/newsreader/ae-group-wechselt-von-der-eigenverwaltung-in-regelinsolvenzverfahren,ae-group.de,29.0,OK
https://www.ae-group.de/files/downloads/Zertifikate/IATF16949-allg-2022-de.pdf,ae-group.de,29.0,OK
https://www.ae-group.de/files/downloads/Zertifikate/IATF16949-allg-2024-de.pdf,ae-group.de,29.0,OK
https://www.agravis.de/de/unternehmen/jobs-karriere/jobboerse/detail/berater-vertrieb-rind-aussendienst-futtermittel-m-w-d.html,agravis.de,70.0,OK
https://www.agriv.de/futter,agriv.de,34.0,OK
https://www.aircolor-dresden.de/pulverbeschichtung,aircolor-dresden.de,9.0,OK
https://www.aiv-frankfurt.de/produkte/beleuchtung-und-elektrik,aiv-frankfurt.de,25.0,OK
https://www.ak-teck.de/produkte/kabelkonfektion-umspritzung,ak-teck.de,25.0,OK
https://www.ak-teck.de/unternehmen,ak-teck.de,25.0,OK
https://www.aku-kunststoff24.de/,aku-kunststoff24.de,20.0,OK
https://www.alpla.com/de/maerkte/milch-und-milchprodukte,alpla.com,66.0,OK
https://www.altendorfer-kunststofftechnik.de/,altendorfer-kunststofftechnik.de,4.9,OK
https://www.alu-tecwvg.de/,alu-tecwvg.de,10.0,OK
https://www.ams-metallbeschichtung.de/,ams-metallbeschichtung.de,11.0,OK
https://www.anpakgmbh.de/,anpakgmbh.de,13.0,OK
https://www.aot.de/lebensmittel/oele-fette.html,aot.de,35.0,OK
https://www.apetito-catering.de/geschaeftsfelder/betriebs-gastronomie,apetito-catering.de,46.0,OK
https://www.apetito.de/betriebe/beste-produkte-betriebe,apetito.de,70.0,OK
https://www.atco.de/zertifikate/,atco.de,27.0,OK
https://www.atp-bartke-gmbh.de/,atp-bartke-gmbh.de,30.0,OK
https://www.atp-bartke-gmbh.de/pulverbeschichtung.html,atp-bartke-gmbh.de,30.0,OK
https://www.atr-landhandel.de/,atr-landhandel.de,18.0,OK
https://www.azelis.com/en/regions-and-locations/emea/germany,azelis.com,68.0,OK
https://www.baf-leubsdorf.de/,baf-leubsdorf.de,6.0,OK
https://www.baf-leubsdorf.de/leistung-und-service/pulverbeschichtung/,baf-leubsdorf.de,6.0,OK
https://www.bayern-fass.de/produkte/kunststoff/,bayern-fass.de,54.0,OK
https://www.bayern-fass.de/unternehmen/,bayern-fass.de,54.0,OK
https://www.bb-plastpack.de/,bb-plastpack.de,2.4,OK
https://www.benseler.de/de/,benseler.de,35.0,OK
https://www.benseler.de/de/unternehmen/standorte.php?procedure%5B%5D=332283332283,benseler.de,35.0,OK
https://www.benseler.de/de/verfahren/beschichtung/zinklamelle-schuettgut.php,benseler.de,35.0,OK
https://www.benteler.com/de/,benteler.com,65.0,OK
https://www.benteler.com/en/products-services/automotive-products/,benteler.com,65.0,OK
https://www.berckenbrinck.de/,berckenbrinck.de,19.0,OK
https://www.bergmann-automotive.de/,bergmann-automotive.de,4.6,OK
https://www.bergmann-automotive.de/Impressum.html,bergmann-automotive.de,4.6,OK
https://www.beschichtung.com/de/,beschichtung.com,26.0,OK
https://www.beschichtung.com/de/unternehmen/service/,beschichtung.com,26.0,OK
https://www.bia-group.com/unternehmen/index.php,bia-group.com,35.0,OK
https://www.bigfood-gastro.de/,bigfood-gastro.de,0.0,OK
https://www.binetti-group.com/en/,binetti-group.com,0.0,OK
https://www.bischof-klein.com/,bischof-klein.com,33.0,OK
https://www.bix-lackierungen.de/,bix-lackierungen.de,29.0,OK
https://www.blisterverpackung.de/blisterverpackungen/,blisterverpackung.de,38.0,OK
https://www.boehmler-drehteile.de/,boehmler-drehteile.de,15.0,OK
https://www.boewe-elektrik.de/automatisierungstechnik/,boewe-elektrik.de,28.0,OK
https://www.boewe-elektrik.de/fileadmin/user_upload/01-11-11-IATF-16949-DE-EN-PL.pdf,boewe-elektrik.de,28.0,OK
https://www.boewe-elektrik.de/profil-chronik/,boewe-elektrik.de,28.0,OK
https://www.boge-rubber-plastics.com/sites/default/files/jobs/pdf/DED-24-28%20-%20MA%20IT%20Services%20%5BESA%5D.pdf,boge-rubber-plastics.com,36.0,OK
https://www.bossert-gmbh.de/Impressum.html,bossert-gmbh.de,0.0,OK
https://www.botan-food.de/,botan-food.de,1.7,OK
https://www.brehm-praezision.de/images/pdf/IATF_16949_2027-06-23_de.pdf,brehm-praezision.de,2.3,OK
https://www.brenne.de/,brenne.de,10.0,OK
https://www.broekelmann-shop.de/,broekelmann-shop.de,2.4,OK
https://www.broelio.de/wp-content/uploads/2025/03/IFS-Certificate-valid-until-29.04.2026.pdf,broelio.de,22.0,OK
https://www.broelio.de/zertifikate/,broelio.de,22.0,OK
https://www.brose-sitech.com/en/Company/Our-Locations,brose-sitech.com,29.0,OK
https://www.buerkle-federn.de/drahtbiegeteile.html,buerkle-federn.de,3.1,OK
https://www.buerkle-federn.de/unternehmen.html,buerkle-federn.de,3.1,OK
https://www.bunge.com/deutschland,bunge.com,73.0,OK
https://www.c-o-o-p.de/en/products/cable-assembly/wiring-harnesses/,c-o-o-p.de,6.0,OK
https://www.cadcabel.com/,cadcabel.com,13.0,OK
https://www.calis-biocatering.de/kontakt.html,calis-biocatering.de,30.0,OK
https://www.cargill.com/food-beverage/emea/edible-oils,cargill.com,81.0,OK
https://www.cargill.com/food-beverage/emea/edible-oils/vegetable-oils,cargill.com,81.0,OK
https://www.cargill.de/de/lebensmittel-und-getr%C3%A4nke,cargill.de,51.0,OK
https://www.cefeg.de/slider-home/cefeg-gmbh-praezision-aus-chemnitz/,cefeg.de,32.0,OK
https://www.certina-packaging.com/,certina-packaging.com,23.0,OK
https://www.chefsculinar.de/,chefsculinar.de,63.0,OK
https://www.chefsculinar.de/hi-taste-trifft-technik-50694.htm,chefsculinar.de,63.0,OK
https://www.chefsculinar.de/index.htm,chefsculinar.de,63.0,OK
https://www.coating-point.com/,coating-point.com,10.0,OK
https://www.color-tec.de/unternehmen/,color-tec.de,4.8,OK
https://www.continental-automotive.com/de.html,continental-automotive.com,65.0,OK
https://www.cook-company.de/home/,cook-company.de,40.0,OK
https://www.coroflex-cable.com/de/,coroflex-cable.com,20.0,OK
https://www.coroplast-group.com/de/wewire/,coroplast-group.com,50.0,OK
https://www.corpack.de/de,corpack.de,6.0,OK
https://www.creavac.de/de/beschichtungen/,creavac.de,23.0,OK
https://www.creavac.de/de/beschichtungen/reflexbeschichtung/,creavac.de,23.0,OK
https://www.creavac.de/de/unternehmen/,creavac.de,23.0,OK
https://www.creavac.de/wp-content/uploads/2018/10/20181009-LB-allgemein.pdf,creavac.de,23.0,OK
https://www.cremeroleo.de/,cremeroleo.de,28.0,OK
https://www.cremeroleo.de/de/produkte.html,cremeroleo.de,28.0,OK
https://www.csp-deutschland.de/unternehmen/,csp-deutschland.de,11.0,OK
https://www.cup-service.de/,cup-service.de,34.0,OK
https://www.dahmen-umformtechnik.de/,dahmen-umformtechnik.de,0.1,OK
https://www.deli-carte.de/zertifizierungen/,deli-carte.de,17.0,OK
https://www.denecke-fd.de/,denecke-fd.de,18.0,OK
https://www.dietz.eu/unternehmen/,dietz.eu,22.0,OK
https://www.dimexfood.de/,dimexfood.de,0.0,OK
https://www.diro-kunststoffe.de/,diro-kunststoffe.de,0.0,OK
https://www.dr-oette-maschinenbauteile.de/oberflaechentechnik-metallveredelung.html,dr-oette-maschinenbauteile.de,7.0,OK
https://www.draexlmaier.com/en/supplier-portal/procurement,draexlmaier.com,57.0,OK
https://www.draexlmaier.com/wer-wir-sind/zertifizierungen/europa,draexlmaier.com,57.0,OK
https://www.dreistern-food.de/,dreistern-food.de,25.0,OK
https://www.dreistern-food.de/unternehmen/marken/,dreistern-food.de,25.0,OK
https://www.dresdnersilber.de/,dresdnersilber.de,38.0,OK
https://www.druckguss-schlicht.de/,druckguss-schlicht.de,6.0,OK
https://www.druko-metallguss.de/,druko-metallguss.de,2.6,OK
https://www.dw-zink.de/,dw-zink.de,3.3,OK
https://www.dynafond.de/,dynafond.de,7.0,OK
https://www.e-m-u.net/ueberblick.html,e-m-u.net,0.4,OK
https://www.egv-group.de/solutions/high-convenience,egv-group.de,38.0,OK
https://www.eib-mehlhorn.de/kabelbaeume-konfektionieren,eib-mehlhorn.de,9.0,OK
https://www.eib-mehlhorn.de/kabeltechnik,eib-mehlhorn.de,9.0,OK
https://www.einhaus-gmbh.de/leistungen/veredelung/,einhaus-gmbh.de,19.0,OK
https://www.elektronik-schmidt.eu/,elektronik-schmidt.eu,2.0,OK
https://www.eltec-technology.com/en/products/wiring-harnesses/,eltec-technology.com,8.0,OK
https://www.es-plastic.de/aktuellespresse/pressemitteilungen-detail/news/es-plastic-feiert-50-jaehriges-firmenjubilaeum-1/,es-plastic.de,8.0,OK
https://www.es-plastic.de/fileadmin/user_upload/2021_01_Ausschreibung_Lager_Teilzeit.pdf,es-plastic.de,8.0,OK
https://www.etm-rotterode.de/,etm-rotterode.de,0.1,OK
https://www.europa-catering.de/,europa-catering.de,6.0,OK
https://www.faerch.com/en,faerch.com,53.0,OK
https://www.faurecia.de/ueber-uns/ihre-ansprechpartner,faurecia.de,46.0,OK
https://www.fazio-kabelkonfektion.de/kabelbaeume/,fazio-kabelkonfektion.de,0.3,OK
https://www.febrotec.de/de-DE/unternehmen,febrotec.de,28.0,OK
https://www.feg-jena.de/,feg-jena.de,23.0,OK
https://www.feindreh.de/zertifikate,feindreh.de,9.0,OK
https://www.fg-haensch.de/produkte/kabelkonfektion/kabelkonfektion.html,fg-haensch.de,49.0,OK
https://www.fiabuc.de/kontakt,fiabuc.de,2.3,OK
https://www.fiabuc.de/spektrum-1/automotive,fiabuc.de,2.3,OK
https://www.finoba-automotive.de/index.php?id=6&lang=de&site=Finoba%2FQUALIT%C3%84T%2F,finoba-automotive.de,10.0,OK
https://www.firner-trautwein.de/downloads/,firner-trautwein.de,3.1,OK
https://www.firstorientfood.de/,firstorientfood.de,0.6,OK
https://www.forfarmersteamagrar.de/gefluegel,forfarmersteamagrar.de,32.0,OK
https://www.forfarmersteamagrar.de/wissen-news/information_systemumstellung,forfarmersteamagrar.de,32.0,OK
https://www.fps-catering.de/betriebsgastronomie/angebot/betriebsgastronomie,fps-catering.de,33.0,OK
https://www.freshfoodz.de/loesungen/restaurants,freshfoodz.de,12.0,OK
https://www.frischdienst-union.de/logistikstandorte/,frischdienst-union.de,32.0,OK
https://www.frischkorn-gmbh.de/leistungen,frischkorn-gmbh.de,3.9,OK
https://www.frosta-ag.com/unternehmen/marke-vertrieb/export-weltweit/,frosta-ag.com,43.0,OK
https://www.frostafoodservice.de/produkte/gemuese/burger-patties/,frostafoodservice.de,17.0,OK
https://www.frostafoodservice.de/ueberblick/qualitaet-sicherheit/,frostafoodservice.de,17.0,OK
https://www.fsm-stamping.de/,fsm-stamping.de,5.0,OK
https://www.ftl-lorenz.de/lohnfertigung,ftl-lorenz.de,2.9,OK
https://www.gadau.de/,gadau.de,0.1,OK
https://www.galvanikjaesche.de/unternehmen,galvanikjaesche.de,0.1,OK
https://www.gaplast.de/,gaplast.de,30.0,OK
https://www.gdft.de/,gdft.de,2.7,OK
https://www.geese-feinmechanik.de/,geese-feinmechanik.de,0.0,OK
https://www.geier-lacktechnik.de/industrie,geier-lacktechnik.de,10.0,OK
https://www.gfcs.com/content/dam/gfcs/as-about-gf-casting-solutions/as-sustainability/as-certificates/iatf-16949-werdohl-2024-en.pdf,gfcs.com,49.0,OK
https://www.gfcs.com/de/market-segments/light-vehicles/e-engine-housing.html,gfcs.com,49.0,OK
https://www.gizeh.com/de/,gizeh.com,33.0,OK
https://www.gizeh.com/de/produkte/produktuebersicht/,gizeh.com,33.0,OK
https://www.gourmetland-tk.de/,gourmetland-tk.de,0.4,OK
https://www.greif.com/de/,greif.com,63.0,OK
https://www.greiner-gpi.com/,greiner-gpi.com,54.0,OK
https://www.greiner-gpi.com/de/Greiner-Packaging/verpackungshersteller,greiner-gpi.com,54.0,OK
https://www.greiner-gpi.com/de/Markte/Food,greiner-gpi.com,54.0,OK
https://www.gustofaktur.de/news/ifs-food-version-6.1,gustofaktur.de,2.2,OK
https://www.gutekunst-net.de/GKMainInformation-d.asp?lang=d,gutekunst-net.de,2.0,OK
https://www.gwp-ag.de/index.html,gwp-ag.de,6.0,OK
https://www.gwp-ag.de/leistungen/serienfertigung/metallguss/index.html,gwp-ag.de,6.0,OK
https://www.gwp-ag.de/unternehmen/maerkte/automotive/index.html,gwp-ag.de,6.0,OK
https://www.habighorst.de/produkte/drahtbiegeteile/,habighorst.de,5.0,OK
https://www.haertecenter.de/fileadmin/user_upload/HLH-IATF16949_Zertifikat_DEU_2024.pdf,haertecenter.de,31.0,OK
https://www.hagemann-dienste.de/futtermittelwerk/futtermittelhersteller/,hagemann-dienste.de,8.0,OK
https://www.hagemann-dienste.de/groesste-futtermittelhersteller-deutschland/,hagemann-dienste.de,8.0,OK
https://www.handelshof.de/sortiment/tiefkuehl-high-convenience,handelshof.de,56.0,OK
https://www.handtmann.de/en/light-metal-casting/,handtmann.de,51.0,OK
https://www.hardy-remagen.com/fileadmin/user_upload/Bilder/Auszeichnungen/EN_000231_CertificateIFS_Final.pdf,hardy-remagen.com,36.0,OK
https://www.heckler.de/,heckler.de,18.0,OK
https://www.heine-drehteile.de/,heine-drehteile.de,0.5,OK
https://www.heinrichs.de/,heinrichs.de,30.0,OK
https://www.heinrichs.de/en/quality/,heinrichs.de,30.0,OK
https://www.heinrichs.de/fileadmin/user_upload/downloads/qualitaet-und-umwelt/IATF_16949_Deutsch.pdf,heinrichs.de,30.0,OK
https://www.heinrichs.de/qualitaet/,heinrichs.de,30.0,OK
https://www.heismann.de/branchenloesungen/maschinen-und-anlagenbau,heismann.de,24.0,OK
https://www.hermann-drehteile.de/,hermann-drehteile.de,6.0,OK
https://www.hessenkemper.com/produkte/aluminiumdruckguss/,hessenkemper.com,1.8,OK
https://www.heuschkel-druckguss.de/wp-content/uploads/2015/08/IATF-16949_2016-de.pdf,heuschkel-druckguss.de,17.0,OK
https://www.hillebrand-coating.com/,hillebrand-coating.com,22.0,OK
https://www.hinterdobler.de/,hinterdobler.de,8.0,OK
https://www.hirschvogel.com/news-media/newsletter/detail/ueberzeugt-mit-leichtigkeit-die-hirschvogel-aluminium-gmbh/,hirschvogel.com,52.0,OK
https://www.hirt-praezision.de/,hirt-praezision.de,0.7,OK
https://www.hk-mueller.de/de/,hk-mueller.de,23.0,OK
https://www.hk-mueller.de/de/branchen/lebensmittel/,hk-mueller.de,23.0,OK
https://www.hl-futter.de/,hl-futter.de,29.0,OK
https://www.hn-metall.de/startseite.html,hn-metall.de,6.0,OK
https://www.hoco-muehle.com/,hoco-muehle.com,7.0,OK
https://www.hofmanns.de/auszeichnungen,hofmanns.de,48.0,OK
https://www.hofmanns.de/sozialverpflegung,hofmanns.de,48.0,OK
https://www.honsel.com/media/1272/iatf-16949-martinrea-honsel-germany-gmbh-deutsch.pdf,honsel.com,23.0,OK
https://www.hpl-pielhau.de/,hpl-pielhau.de,0.1,OK
https://www.hunger-automotive.de/de/umformung,hunger-automotive.de,1.5,OK
https://www.hunstock-kabel.com/,hunstock-kabel.com,8.0,OK
https://www.ilsen-gmbh.de/,ilsen-gmbh.de,3.2,OK
https://www.imo-gmbh.com/,imo-gmbh.com,32.0,OK
https://www.in-tec.de/de/kabelbaum-hersteller-automotive/,in-tec.de,13.0,OK
https://www.in-tec.de/de/kabelkonfektion-deutschland,in-tec.de,13.0,OK
https://www.intergast.de/,intergast.de,44.0,OK
https://www.jaun-neoform.de/,jaun-neoform.de,7.0,OK
https://www.jaun-neoform.de/verpackungen/feinkost-becher-schalen/,jaun-neoform.de,7.0,OK
https://www.jm-metall.de/,jm-metall.de,0.2,OK
https://www.jopp.com/de/,jopp.com,37.0,OK
https://www.jopp.com/de/loesungen/praezisionsdrehtechnik/,jopp.com,37.0,OK
https://www.jost-world.com/de/produkte/ktl-lohnbeschichtung.html,jost-world.com,62.0,OK
https://www.juergenhake.de/en/,juergenhake.de,31.0,OK
https://www.jung-federn.de/,jung-federn.de,1.8,OK
https://www.kabelbenz.de/,kabelbenz.de,6.0,OK
https://www.kaiserfood.de/uber-uns/,kaiserfood.de,0.0,OK
https://www.kaley.de/,kaley.de,7.0,OK
https://www.kalmbach.de/de/home.html,kalmbach.de,25.0,OK
https://www.kama-futter.de/,kama-futter.de,21.0,OK
https://www.kesseboehmer.com/automotive/leistungen/montageteile,kesseboehmer.com,61.0,OK
https://www.kme.com/en/copperdivision/stamping,kme.com,65.0,OK
https://www.kostbar-essen.de/jobs_category/koch/?export-pdf=1492,kostbar-essen.de,0.8,OK
https://www.kremaplast.de/,kremaplast.de,0.5,OK
https://www.kromberg-schubert.com/about-us/management,kromberg-schubert.com,41.0,OK
https://www.kromberg-schubert.com/data/unternehmen/user_upload/downloads/E4.09.44.00_Supplier_Manual_Direct_Material_V11_Nov2025.pdf,kromberg-schubert.com,41.0,OK
https://www.kromberg-schubert.com/data/unternehmen/user_upload/zertifikate/de-rhede-iatf-certificate-2025-en.pdf,kromberg-schubert.com,41.0,OK
https://www.kromberg-schubert.com/the-wiring-systems-specialist/wiring-systems/quality,kromberg-schubert.com,41.0,OK
https://www.kronenberg-eduard.com/produkte/automotive,kronenberg-eduard.com,13.0,OK
https://www.kroschu-cable.de/de/%C3%BCber-uns-284/ueber-uns/qualit%C3%A4t.html,kroschu-cable.de,24.0,OK
https://www.kroschu-cable.de/de/kabelwerk-deutschland-spezialkabel-hersteller-highend-kabel-lp.html,kroschu-cable.de,24.0,OK
https://www.ksmcastings.com/en/company/,ksmcastings.com,33.0,OK
https://www.ksmcastings.com/qualitaet/,ksmcastings.com,33.0,OK
https://www.ksmcastings.com/wp-content/uploads/2020/09/ZB-QSV-ZE-001_Teil_I_Allgemeine_Vereinbarung.pdf,ksmcastings.com,33.0,OK
https://www.kummer-gmbh.de/,kummer-gmbh.de,13.0,OK
https://www.kwdag.com/standorte/deutschland/wolfsburg.html,kwdag.com,38.0,OK
https://www.lackierzentrum.eu/,lackierzentrum.eu,0.0,OK
https://www.landolt-zerspanungstechnik.de/,landolt-zerspanungstechnik.de,8.0,OK
https://www.lang-metall.de/automotive.html,lang-metall.de,30.0,OK
https://www.laukoetter.com/,laukoetter.com,3.4,OK
https://www.leiber.com/de/produkte.html,leiber.com,31.0,OK
https://www.leiber.com/de/unternehmen.html,leiber.com,31.0,OK
https://www.leicht-mueller.de/de/stanzteile.html,leicht-mueller.de,28.0,OK
https://www.lemke.de/file/download/AMIfv95Ltbj4EFui3pxg2wnfs5W3SSIcK1FDfARCJUEUFOEmu6kgI8nb8Mgoaks94q7D9Ec_TSDS3FmsddVw8ghaX5hcjONnf4GsxLk90vhvbsM-9nIVKCKeY5PAqjLnuJAyBQDl1H6QYinK2tr5Knj7MkpzNEMpW-hK6vHL_EP13apZDBzKmoVmUjGvGjKaLocc1aQgvFVMWCF_TpcCEY2jO_E2upCGYAI2t9V-Qd3x-Qxz47K_OK4/IFS%20Food%20Georg%20Lemke%20GmbH%20%26%20Co.%20KG%2024%20de%20bis%2018.07.2026.pdf?download=1,lemke.de,25.0,OK
https://www.leoni.com/fileadmin/group/about-us/quality/leoni-quality-policy-acs.pdf,leoni.com,63.0,OK
https://www.lesjoforsab.com/de/produkt/drahtbiegeteile/,lesjoforsab.com,52.0,OK
https://www.likrawest.de/unternehmen/,likrawest.de,21.0,OK
https://www.lnw.de/futtermittel,lnw.de,27.0,OK
https://www.loebke-federn.de/,loebke-federn.de,2.8,OK
https://www.loebke-federn.de/produkte/drahtbiegeteile/,loebke-federn.de,2.8,OK
https://www.lohr-solingen.de/,lohr-solingen.de,0.3,OK
https://www.lorenz-chieming.de/,lorenz-chieming.de,3.1,OK
https://www.lov.de/,lov.de,17.0,OK
https://www.mahle.com/en/products-and-services/passenger-cars/cooling/,mahle.com,75.0,OK
https://www.md-umformtechnik.de/branchen/automotive,md-umformtechnik.de,0.0,OK
https://www.mecotec.com/,mecotec.com,10.0,OK
https://www.mega-umform.de/ueber-uns/,mega-umform.de,19.0,OK
https://www.menueko.de/files/downloads/2024_IFS-F_Zertifikat_AGZ2428.pdf,menueko.de,8.0,OK
https://www.mesa-parts.com/de/branchenloesung/automobil/,mesa-parts.com,29.0,OK
https://www.metalux.de/branchen/automobil/,metalux.de,11.0,OK
https://www.metro.de/unternehmen,metro.de,71.0,OK
https://www.meyer-guenderoth.de/Verpackungen-93604.html,meyer-guenderoth.de,10.0,OK
https://www.mico-online.com/qualitaet-trifft-geschmack.html?cid=212&file=files%2Fmico%2Fproduktuebersicht%2F2025_MICO_Produkte_gesamt_01.25_neu_kompr.pdf,mico-online.com,42.0,OK
https://www.mifuma.de/,mifuma.de,58.0,OK
https://www.mifuma.de/faq,mifuma.de,58.0,OK
https://www.modulteq.de/,modulteq.de,0.0,OK
https://www.moser-technik.de/kabelbaeume/,moser-technik.de,11.0,OK
https://www.mouldtec.de/,mouldtec.de,15.0,OK
https://www.mpp-solutions.com/production,mpp-solutions.com,0.4,OK
https://www.mubea.com/de/achsfedersysteme,mubea.com,60.0,OK
https://www.mvg.group/firmenprofil-2/qulitaetsmanagement/,mvg.group,27.0,OK
https://www.mvg.group/jobs_category/produktion/,mvg.group,27.0,OK
https://www.mwg-gruppe.de/unternehmen/mwg-pulverbeschichtung-gmbh,mwg-gruppe.de,30.0,OK
https://www.neeat.de/business-partners,neeat.de,0.0,OK
https://www.neupack.de/,neupack.de,4.3,OK
https://www.neusserformblech.de/,neusserformblech.de,7.0,OK
https://www.ntn-at.de/geschaeftskunden/,ntn-at.de,23.0,OK
https://www.oberplast.de/,oberplast.de,1.4,OK
https://www.oerlikon.com/balzers/de/de/maerkte/automobile-components/,oerlikon.com,72.0,OK
https://www.oesterle-formenbau.de/fertigung/,oesterle-formenbau.de,3.8,OK
https://www.oesterle-gmbh.com/,oesterle-gmbh.com,9.0,OK
https://www.oesterle-gmbh.com/druckguss/,oesterle-gmbh.com,9.0,OK
https://www.oetker-professional.de/,oetker-professional.de,36.0,OK
https://www.oetker-professional.de/ueber-uns,oetker-professional.de,36.0,OK
https://www.optipack.de/fileadmin/files/unternehmen/ISO-50001-DE.pdf,optipack.de,27.0,OK
https://www.opw-ingredients.com/de/,opw-ingredients.com,24.0,OK
https://www.pack-verde.com/de/home,pack-verde.com,24.0,OK
https://www.pahling-kabelkonfektion.de/,pahling-kabelkonfektion.de,0.0,OK
https://www.peku.com/unternehmen/,peku.com,13.0,OK
https://www.peotec.com/zertifizierungen.php,peotec.com,0.3,OK
https://www.plock-metallwerke.de/automotive/,plock-metallwerke.de,10.0,OK
https://www.poeppelmann.com/de/famac/Verpackungen/Lebensmittelverpackungen/Kundenspezifische-Verpackungen.html,poeppelmann.com,56.0,OK
https://www.poeppelmann.com/de/kapsto/Produkte/Thermoform-Trays.html,poeppelmann.com,56.0,OK
https://www.poeppelmann.com/de/kapsto/Services/Performance.html,poeppelmann.com,56.0,OK
https://www.poeppelmann.com/de/unternehmen/Wir/Unternehmensprofil.html,poeppelmann.com,56.0,OK
https://www.pohl-verpackungen.de/,pohl-verpackungen.de,31.0,OK
https://www.pohl-verpackungen.de/startseite,pohl-verpackungen.de,31.0,OK
https://www.point-of-food.de/kontakt,point-of-food.de,26.0,OK
https://www.power-cast.com/media/files/zitzmann/pcz-iatf-en-2024.pdf,power-cast.com,25.0,OK
https://www.power-cast.com/vobra-deutschland.html,power-cast.com,25.0,OK
https://www.preh.com/fileadmin/user_upload/Downloads/Zertifizierungen/IATF-16949/Quality_management_-_certificate_IATF_16949-2016_March23.pdf,preh.com,51.0,OK
https://www.premium-precision.com/leistungen/branchenkompetenz,premium-precision.com,10.0,OK
https://www.primamenue.de/,primamenue.de,6.0,OK
https://www.primamenue.de/de/ueber-uns,primamenue.de,6.0,OK
https://www.procolor-pulver.de/kontakt/,procolor-pulver.de,0.0,OK
https://www.protocast.de/,protocast.de,3.7,OK
https://www.provertha.de/wp-content/uploads/2024/07/Z_IATF-16949-K_de.pdf,provertha.de,23.0,OK
https://www.pulverlackierzentrum.de/,pulverlackierzentrum.de,10.0,OK
https://www.pvtech.de/,pvtech.de,27.0,OK
https://www.pw-sachsenlack-nfz.de/leistungen/industrielackierung/,pw-sachsenlack-nfz.de,12.0,OK
https://www.pw-sachsenlack-nfz.de/ueber-uns/,pw-sachsenlack-nfz.de,12.0,OK
https://www.raiffeisen-ems-vechte.de/ueber-uns/qualitaetsmanagement/,raiffeisen-ems-vechte.de,42.0,OK
https://www.raiffeisen-kraftfutterwerk.de/,raiffeisen-kraftfutterwerk.de,8.0,OK
https://www.raiffeisen-kraftfutterwerk.de/portal/seiten/qualitaetsmanagement-900000136-10022.html,raiffeisen-kraftfutterwerk.de,8.0,OK
https://www.rajapack.de/verpackungsnews/lebensmittelverpackungen,rajapack.de,49.0,OK
https://www.rbayer.de/,rbayer.de,3.9,OK
https://www.rettenberger.com/logistik/,rettenberger.com,9.0,OK
https://www.rimmler.com/,rimmler.com,0.9,OK
https://www.rkw-kehl.de/,rkw-kehl.de,18.0,OK
https://www.rokatec.de/en/,rokatec.de,1.1,OK
https://www.rose-medipack.de/de/,rose-medipack.de,35.0,OK
https://www.rotover.de/,rotover.de,9.0,OK
https://www.rwg-grosslessen.raiffeisen.de/futtermittel,rwg-grosslessen.raiffeisen.de,58.0,OK
https://www.saatenberg.com/,saatenberg.com,0.6,OK
https://www.salomon-foodworld.com/,salomon-foodworld.com,44.0,OK
https://www.salomon-foodworld.com/de/fvz,salomon-foodworld.com,44.0,OK
https://www.salvana.com/unternehmen/qualitaet/,salvana.com,38.0,OK
https://www.sander-jelinek.de/,sander-jelinek.de,1.8,OK
https://www.sandguss.de/,sandguss.de,0.0,OK
https://www.schaeffler.com/en/divisions-products/,schaeffler.com,77.0,OK
https://www.schick-kunststoffverpackungen.de/,schick-kunststoffverpackungen.de,0.0,OK
https://www.schierer-galvanik.de/,schierer-galvanik.de,12.0,OK
https://www.schkade-futter.de/,schkade-futter.de,12.0,OK
https://www.schlote.com/schlote-gruppe/%C3%BCber-uns,schlote.com,18.0,OK
https://www.schlote.com/schlote-gruppe/schlote-gruppe/die-schlote-gesellschaften/schlote-gmbh-co-kg,schlote.com,18.0,OK
https://www.schmid-at.de/downloads.html?file=files%2Fdownloads%2FProspekte%2Fschmid-alutec_Prospekt.pdf,schmid-at.de,0.5,OK
https://www.schmid-folien.de/qualitaetsmanagement.html,schmid-folien.de,5.0,OK
https://www.schneider-kunststoffverarbeitung.de/de/produkte,schneider-kunststoffverarbeitung.de,1.8,OK
https://www.schnitzelmacher.de/blank,schnitzelmacher.de,27.0,OK
https://www.schoen-federn.de/,schoen-federn.de,10.0,OK
https://www.schroeder-heidler.de/automobil,schroeder-heidler.de,7.0,OK
https://www.schuele.de/de/unternehmen/julius-schuele-druckguss-gmbh,schuele.de,10.0,OK
https://www.schuele.de/fileadmin/old/user_upload/IATF_16949_2016_en.pdf,schuele.de,10.0,OK
https://www.schuetz-packaging.net/schuetz-germany-hq/en/innovations/schuetz-green-layer/,schuetz-packaging.net,50.0,OK
https://www.schweitzer-lackierungen.de/,schweitzer-lackierungen.de,6.0,OK
https://www.schweizer-technologies.com/de/unternehmen/zertifizierung.html,schweizer-technologies.com,15.0,OK
https://www.sebn.com/,sebn.com,39.0,OK
https://www.seeger-orbis.de/services/lohnhaerten,seeger-orbis.de,26.0,OK
https://www.sekona.de/,sekona.de,9.0,OK
https://www.selatec.de/,selatec.de,7.0,OK
https://www.servicebund.de/gemeinschaftsverpflegung.html,servicebund.de,57.0,OK
https://www.sn-neuruppin.de/produkte/nutztiere,sn-neuruppin.de,17.0,OK
https://www.spaleck.de/praezisionsteile/drehteile/,spaleck.de,45.0,OK
https://www.special-coatings.com/de/lohnbeschichtung,special-coatings.com,35.0,OK
https://www.speedsignal.de/kabelkonfektion/,speedsignal.de,29.0,OK
https://www.spies-packaging.com/,spies-packaging.com,30.0,OK
https://www.st-ji.com/de/startseite-trager-innovativer-losungen/standorte/saint-jean-industries-stuttgart-gmbh-de/,st-ji.com,32.0,OK
https://www.stanzteile-paul.de/,stanzteile-paul.de,2.7,OK
https://www.stanzteile.tech/,stanzteile.tech,0.0,OK
https://www.stiehler-pm.de/,stiehler-pm.de,0.0,OK
https://www.stplettenberg.de/,stplettenberg.de,30.0,OK
https://www.strubl.de/Standorte.html,strubl.de,18.0,OK
https://www.strubl.de/unternehmen.html,strubl.de,18.0,OK
https://www.subtil-group.com/de/technik/werkstoffe.html,subtil-group.com,25.0,OK
https://www.suedpack.com/de/food,suedpack.com,51.0,OK
https://www.susa-sauer.de/de/praezisionsdrehteile,susa-sauer.de,23.0,OK
https://www.susa-sauer.de/en/precision-turned-parts,susa-sauer.de,23.0,OK
https://www.symanzik.de/,symanzik.de,10.0,OK
https://www.symanzik.de/unternehmen/,symanzik.de,10.0,OK
https://www.szae.de/de/pressteile-312.html,szae.de,28.0,OK
https://www.tecpro-metall.de/,tecpro-metall.de,17.0,OK
https://www.tecpro-metall.de/qualitaet/,tecpro-metall.de,17.0,OK
https://www.th-electronic-mhl.de/fertigung/kabelkonfektionierung/kabelbaeume/,th-electronic-mhl.de,14.0,OK
https://www.thg-norderstedt.com/de/unternehmen,thg-norderstedt.com,4.0,OK
https://www.thgeyer.com/de/ingredients/portfolio/lebensmittel/oele,thgeyer.com,52.0,OK
https://www.thoma-metallveredelung.de/,thoma-metallveredelung.de,21.0,OK
https://www.thyssenkrupp-automotive-technology.com/en/company/profile,thyssenkrupp-automotive-technology.com,54.0,OK
https://www.transgourmet.de/sites/default/files/2024-09/formblatt_transgourmet_v2.pdf,transgourmet.de,64.0,OK
https://www.unger-kabelkonfektion.de/de/,unger-kabelkonfektion.de,13.0,OK
https://www.uniqfood.de/de/100-customised/,uniqfood.de,12.0,OK
https://www.voestalpine.com/automotivecomponents/en/content/download/23403/file/IATF%20169492016_de.pdf?inLanguage=ger-DE,voestalpine.com,76.0,OK
https://www.vogt-stanzteile.de/stanzteile-automobilindustrie/,vogt-stanzteile.de,11.0,OK
https://www.vortella.de/karriere,vortella.de,6.0,OK
https://www.voss.net/de/branchenloesungen/branche/automobil/,voss.net,55.0,OK
https://www.vowalon.eu/,vowalon.eu,30.0,OK
https://www.wackermann-gmbh.de/,wackermann-gmbh.de,0.0,OK
https://www.wackermann-gmbh.de/aluminium-druckguss,wackermann-gmbh.de,0.0,OK
https://www.wagon-automotive.de/de/,wagon-automotive.de,25.0,OK
https://www.walter-rau.de/fuer-profis/foodservice/unser-sortiment/produktuebersicht/optima-frittierfett-halbfluessig-10-l,walter-rau.de,22.0,OK
https://www.weghorst-maschinenbau.de/,weghorst-maschinenbau.de,1.2,OK
https://www.weisspt.com/automobilbranche,weisspt.com,4.3,OK
https://www.welp-group.com/de/,welp-group.com,30.0,OK
https://www.werit.eu/de/kanister/,werit.eu,52.0,OK
https://www.werner-debatin-gmbh.de/industriebereich/fahrzeuglackierung/,werner-debatin-gmbh.de,1.8,OK
https://www.werner-schmid.de/stanzbiegeteile-aus-metall/,werner-schmid.de,18.0,OK
https://www.whw.de/whw-hillebrand/,whw.de,30.0,OK
https://www.wingert-foods.de/,wingert-foods.de,16.0,OK
https://www.winter.de/,winter.de,14.0,OK
https://www.wiotec.com/,wiotec.com,36.0,OK
https://www.wmu.de/downloads/,wmu.de,13.0,OK
https://www.wmu.de/wp-content/uploads/sites/2/2024/04/IATF-16949-2016_de.pdf,wmu.de,13.0,OK
https://www.woelfle-gmbh.de/site/assets/files/6338/06_produktbroschuere_kabelkanaele.pdf,woelfle-gmbh.de,21.0,OK
https://www.wohlrab.de/en/job-coating,wohlrab.de,47.0,OK
https://www.wthalver.de/,wthalver.de,0.0,OK
https://www.wuebken.de/futtermittel/,wuebken.de,11.0,OK
https://www.zf.com/germany/de/home/home.html,zf.com,81.0,OK
https://www.zf.com/master/media/migrated_data_certificates/Hannover_IATF16_31601655_en.pdf,zf.com,81.0,OK
https://www.zf.com/products/en/cv/ind/home/cv.html,zf.com,81.0,OK
https://www.zf.com/site/locations/ja/europe/germany_locations/germany.html,zf.com,81.0,OK
https://zi-bza.de/,zi-bza.de,18.0,OK
https://zimmermann-federn.de/produkte/drahtbiegeteile/,zimmermann-federn.de,6.0,OK
